name	turn	URI	SDK	policy	outcome	time	excp_type	heuristic1	heuristic2	bug?	bug_ID	bug_link
Tester.AzureUtils.Persistence.PersistenceStateTests_AzureTableGrainStorage.Grain_AzureTableGrainStorage_SiloRestart	4	orleanstest12.table.core.windows.netPUT/OrleansGrainState(PartitionKey='488794b96df242de8ff97bf8c4c5ccbb_new-test-storage-grain_865ce76287e44c1c98d73d1e9132277b',RowKey='state')/$format=application/json;odata=minimalmetadata	C:\Users\anna\orleans\src\Azure\Shared\Storage\AzureTableDataManager.cs:322:Azure.Data.Tables;Azure.Data.Tables.TableClient.UpdateEntityAsync(!!0,Azure.ETag,Azure.Data.Tables.TableUpdateMode,System.Threading.CancellationToken):Orleans.Persistence.AzureStorage.AzureTableDataManager`1.UpdateTableEntryAsync[](?)	timeout_blind	Failed	1m 17.188654s	Orleans.Storage.TableStorageUpdateConditionNotSatisfiedException	True	True			
Tester.AzureUtils.Persistence.PersistenceStateTests_AzureTableGrainStorage.Grain_GuidKeyExtended_AzureTableGrainStorage_Read_Write	4	orleanstest12.table.core.windows.netPUT/OrleansGrainState(PartitionKey='f1c68155f772411e8bcf4e5ecb912c74_new-test-storage-grain-with-extended-key_8690c4adf4bd49f7be5cd97aa0cfb4d1%2B1600994900',RowKey='state')/$format=application/json;odata=minimalmetadata	C:\Users\anna\orleans\src\Azure\Shared\Storage\AzureTableDataManager.cs:322:Azure.Data.Tables;Azure.Data.Tables.TableClient.UpdateEntityAsync(!!0,Azure.ETag,Azure.Data.Tables.TableUpdateMode,System.Threading.CancellationToken):Orleans.Persistence.AzureStorage.AzureTableDataManager`1.UpdateTableEntryAsync[](?)	timeout_blind	Failed	44.8286769s	Orleans.Storage.TableStorageUpdateConditionNotSatisfiedException	True	True			
Tester.AzureUtils.Persistence.PersistenceStateTests_AzureTableGrainStorage.Grain_GuidKey_AzureTableGrainStorage_Read_Write	4	orleanstest12.table.core.windows.netPUT/OrleansGrainState(PartitionKey='5c19087d8b0e4d18b31c85efbd7c500d_new-test-storage-grain_d6bed03299c045d188003e26ae52cde0',RowKey='state')/$format=application/json;odata=minimalmetadata	C:\Users\anna\orleans\src\Azure\Shared\Storage\AzureTableDataManager.cs:322:Azure.Data.Tables;Azure.Data.Tables.TableClient.UpdateEntityAsync(!!0,Azure.ETag,Azure.Data.Tables.TableUpdateMode,System.Threading.CancellationToken):Orleans.Persistence.AzureStorage.AzureTableDataManager`1.UpdateTableEntryAsync[](?)	timeout_blind	Failed	42.3262452s	Orleans.Storage.TableStorageUpdateConditionNotSatisfiedException	True	True			
Tester.AzureUtils.Persistence.PersistenceStateTests_AzureTableGrainStorage.Grain_LongKeyExtended_AzureTableGrainStorage_Read_Write	4	orleanstest12.table.core.windows.netPUT/OrleansGrainState(PartitionKey='4db7a3ada09d4cac9d4bbc016862877f_new-test-storage-grain-with-extended-key_5EDFD536%2B249534562',RowKey='state')/$format=application/json;odata=minimalmetadata	C:\Users\anna\orleans\src\Azure\Shared\Storage\AzureTableDataManager.cs:322:Azure.Data.Tables;Azure.Data.Tables.TableClient.UpdateEntityAsync(!!0,Azure.ETag,Azure.Data.Tables.TableUpdateMode,System.Threading.CancellationToken):Orleans.Persistence.AzureStorage.AzureTableDataManager`1.UpdateTableEntryAsync[](?)	timeout_blind	Failed	43.7975237s	Orleans.Storage.TableStorageUpdateConditionNotSatisfiedException	True	True			
Tester.AzureUtils.Persistence.PersistenceStateTests_AzureTableGrainStorage.Grain_LongKey_AzureTableGrainStorage_Read_Write	4	orleanstest12.table.core.windows.netPUT/OrleansGrainState(PartitionKey='a920542e60bd41a488f5a343cabb689d_new-test-storage-grain_4237B97D',RowKey='state')/$format=application/json;odata=minimalmetadata	C:\Users\anna\orleans\src\Azure\Shared\Storage\AzureTableDataManager.cs:322:Azure.Data.Tables;Azure.Data.Tables.TableClient.UpdateEntityAsync(!!0,Azure.ETag,Azure.Data.Tables.TableUpdateMode,System.Threading.CancellationToken):Orleans.Persistence.AzureStorage.AzureTableDataManager`1.UpdateTableEntryAsync[](?)	timeout_blind	Failed	45.1229032s	Orleans.Storage.TableStorageUpdateConditionNotSatisfiedException	True	True			
Tester.AzureUtils.Persistence.PersistenceStateTests_AzureTableGrainStorage.Grain_AzureTableGrainStorage_SiloRestart	3	orleanstest12.table.core.windows.netPOST/OrleansGrainState/$format=application/json;odata=minimalmetadata	C:\Users\anna\orleans\src\Azure\Shared\Storage\AzureTableDataManager.cs:171:Azure.Data.Tables;Azure.Data.Tables.TableClient.AddEntityAsync(!!0,System.Threading.CancellationToken):Orleans.Persistence.AzureStorage.AzureTableDataManager`1.CreateTableEntryAsync[](?)	timeout_blind	Failed	44.2194596s	Orleans.Storage.TableStorageUpdateConditionNotSatisfiedException	True	True			
Tester.AzureUtils.Persistence.PersistenceStateTests_AzureTableGrainStorage.Grain_GuidKeyExtended_AzureTableGrainStorage_Read_Write	3	orleanstest12.table.core.windows.netPOST/OrleansGrainState/$format=application/json;odata=minimalmetadata	C:\Users\anna\orleans\src\Azure\Shared\Storage\AzureTableDataManager.cs:171:Azure.Data.Tables;Azure.Data.Tables.TableClient.AddEntityAsync(!!0,System.Threading.CancellationToken):Orleans.Persistence.AzureStorage.AzureTableDataManager`1.CreateTableEntryAsync[](?)	timeout_blind	Failed	43.0475061s	Orleans.Storage.TableStorageUpdateConditionNotSatisfiedException	True	True			
Tester.AzureUtils.Persistence.PersistenceStateTests_AzureTableGrainStorage.Grain_GuidKey_AzureTableGrainStorage_Read_Write	3	orleanstest12.table.core.windows.netPOST/OrleansGrainState/$format=application/json;odata=minimalmetadata	C:\Users\anna\orleans\src\Azure\Shared\Storage\AzureTableDataManager.cs:171:Azure.Data.Tables;Azure.Data.Tables.TableClient.AddEntityAsync(!!0,System.Threading.CancellationToken):Orleans.Persistence.AzureStorage.AzureTableDataManager`1.CreateTableEntryAsync[](?)	timeout_blind	Failed	43.1294268s	Orleans.Storage.TableStorageUpdateConditionNotSatisfiedException	True	True			
Tester.AzureUtils.Persistence.PersistenceStateTests_AzureTableGrainStorage.Grain_LongKeyExtended_AzureTableGrainStorage_Read_Write	3	orleanstest12.table.core.windows.netPOST/OrleansGrainState/$format=application/json;odata=minimalmetadata	C:\Users\anna\orleans\src\Azure\Shared\Storage\AzureTableDataManager.cs:171:Azure.Data.Tables;Azure.Data.Tables.TableClient.AddEntityAsync(!!0,System.Threading.CancellationToken):Orleans.Persistence.AzureStorage.AzureTableDataManager`1.CreateTableEntryAsync[](?)	timeout_blind	Failed	43.0350108s	Orleans.Storage.TableStorageUpdateConditionNotSatisfiedException	True	True			
Tester.AzureUtils.Persistence.PersistenceStateTests_AzureTableGrainStorage.Grain_LongKey_AzureTableGrainStorage_Read_Write	3	orleanstest12.table.core.windows.netPOST/OrleansGrainState/$format=application/json;odata=minimalmetadata	C:\Users\anna\orleans\src\Azure\Shared\Storage\AzureTableDataManager.cs:171:Azure.Data.Tables;Azure.Data.Tables.TableClient.AddEntityAsync(!!0,System.Threading.CancellationToken):Orleans.Persistence.AzureStorage.AzureTableDataManager`1.CreateTableEntryAsync[](?)	timeout_blind	Failed	44.0419646s	Orleans.Storage.TableStorageUpdateConditionNotSatisfiedException	True	True			
